{
    "val_loss": 0.16411300003528595,
    "val_accuracy": 0.9375,
    "val_precision": 0.9455111622810364,
    "val_recall": 0.9114557504653931,
    "val_auc": 0.9835028052330017,
    "f1_score": 0.9281711807300753,
    "timestamp": "2026-01-09T19:38:04.526443"
}